--
-- PostgreSQL database dump
--

-- Dumped from database version 12.9 (Ubuntu 12.9-2.pgdg20.04+1)
-- Dumped by pg_dump version 12.9 (Ubuntu 12.9-2.pgdg20.04+1)

SET statement_timeout = 0;
SET lock_timeout = 0;
SET idle_in_transaction_session_timeout = 0;
SET client_encoding = 'UTF8';
SET standard_conforming_strings = on;
SELECT pg_catalog.set_config('search_path', '', false);
SET check_function_bodies = false;
SET xmloption = content;
SET client_min_messages = warning;
SET row_security = off;

SET default_tablespace = '';

SET default_table_access_method = heap;

--
-- Name: description; Type: TABLE; Schema: public; Owner: freecodecamp
--

CREATE TABLE public.description (
    galaxy_id integer NOT NULL,
    galaxy_description text,
    star_id integer NOT NULL,
    name_s text,
    star_description text,
    planet_id integer NOT NULL,
    name_p text,
    planet_description text,
    description_id integer NOT NULL,
    name character varying(50)
);


ALTER TABLE public.description OWNER TO freecodecamp;

--
-- Name: description_description_id_seq; Type: SEQUENCE; Schema: public; Owner: freecodecamp
--

CREATE SEQUENCE public.description_description_id_seq
    AS integer
    START WITH 1
    INCREMENT BY 1
    NO MINVALUE
    NO MAXVALUE
    CACHE 1;


ALTER TABLE public.description_description_id_seq OWNER TO freecodecamp;

--
-- Name: description_description_id_seq; Type: SEQUENCE OWNED BY; Schema: public; Owner: freecodecamp
--

ALTER SEQUENCE public.description_description_id_seq OWNED BY public.description.description_id;


--
-- Name: description_galaxy_id_seq; Type: SEQUENCE; Schema: public; Owner: freecodecamp
--

CREATE SEQUENCE public.description_galaxy_id_seq
    AS integer
    START WITH 1
    INCREMENT BY 1
    NO MINVALUE
    NO MAXVALUE
    CACHE 1;


ALTER TABLE public.description_galaxy_id_seq OWNER TO freecodecamp;

--
-- Name: description_galaxy_id_seq; Type: SEQUENCE OWNED BY; Schema: public; Owner: freecodecamp
--

ALTER SEQUENCE public.description_galaxy_id_seq OWNED BY public.description.galaxy_id;


--
-- Name: description_planet_id_seq; Type: SEQUENCE; Schema: public; Owner: freecodecamp
--

CREATE SEQUENCE public.description_planet_id_seq
    AS integer
    START WITH 1
    INCREMENT BY 1
    NO MINVALUE
    NO MAXVALUE
    CACHE 1;


ALTER TABLE public.description_planet_id_seq OWNER TO freecodecamp;

--
-- Name: description_planet_id_seq; Type: SEQUENCE OWNED BY; Schema: public; Owner: freecodecamp
--

ALTER SEQUENCE public.description_planet_id_seq OWNED BY public.description.planet_id;


--
-- Name: description_star_id_seq; Type: SEQUENCE; Schema: public; Owner: freecodecamp
--

CREATE SEQUENCE public.description_star_id_seq
    AS integer
    START WITH 1
    INCREMENT BY 1
    NO MINVALUE
    NO MAXVALUE
    CACHE 1;


ALTER TABLE public.description_star_id_seq OWNER TO freecodecamp;

--
-- Name: description_star_id_seq; Type: SEQUENCE OWNED BY; Schema: public; Owner: freecodecamp
--

ALTER SEQUENCE public.description_star_id_seq OWNED BY public.description.star_id;


--
-- Name: galaxy; Type: TABLE; Schema: public; Owner: freecodecamp
--

CREATE TABLE public.galaxy (
    galaxy_id integer NOT NULL,
    age_in_millions_of_years integer,
    name character varying(50),
    no_stars character varying(225),
    no_planets integer NOT NULL
);


ALTER TABLE public.galaxy OWNER TO freecodecamp;

--
-- Name: galaxy_galaxy_id_seq; Type: SEQUENCE; Schema: public; Owner: freecodecamp
--

CREATE SEQUENCE public.galaxy_galaxy_id_seq
    AS integer
    START WITH 1
    INCREMENT BY 1
    NO MINVALUE
    NO MAXVALUE
    CACHE 1;


ALTER TABLE public.galaxy_galaxy_id_seq OWNER TO freecodecamp;

--
-- Name: galaxy_galaxy_id_seq; Type: SEQUENCE OWNED BY; Schema: public; Owner: freecodecamp
--

ALTER SEQUENCE public.galaxy_galaxy_id_seq OWNED BY public.galaxy.galaxy_id;


--
-- Name: galaxy_no_planets_seq; Type: SEQUENCE; Schema: public; Owner: freecodecamp
--

CREATE SEQUENCE public.galaxy_no_planets_seq
    AS integer
    START WITH 1
    INCREMENT BY 1
    NO MINVALUE
    NO MAXVALUE
    CACHE 1;


ALTER TABLE public.galaxy_no_planets_seq OWNER TO freecodecamp;

--
-- Name: galaxy_no_planets_seq; Type: SEQUENCE OWNED BY; Schema: public; Owner: freecodecamp
--

ALTER SEQUENCE public.galaxy_no_planets_seq OWNED BY public.galaxy.no_planets;


--
-- Name: moon; Type: TABLE; Schema: public; Owner: freecodecamp
--

CREATE TABLE public.moon (
    moon_id integer NOT NULL,
    color character varying(30),
    name character varying(50),
    no_galaxy integer NOT NULL,
    solar_system boolean
);


ALTER TABLE public.moon OWNER TO freecodecamp;

--
-- Name: moon_moon_id_seq; Type: SEQUENCE; Schema: public; Owner: freecodecamp
--

CREATE SEQUENCE public.moon_moon_id_seq
    AS integer
    START WITH 1
    INCREMENT BY 1
    NO MINVALUE
    NO MAXVALUE
    CACHE 1;


ALTER TABLE public.moon_moon_id_seq OWNER TO freecodecamp;

--
-- Name: moon_moon_id_seq; Type: SEQUENCE OWNED BY; Schema: public; Owner: freecodecamp
--

ALTER SEQUENCE public.moon_moon_id_seq OWNED BY public.moon.moon_id;


--
-- Name: moon_no_galaxy_seq; Type: SEQUENCE; Schema: public; Owner: freecodecamp
--

CREATE SEQUENCE public.moon_no_galaxy_seq
    AS integer
    START WITH 1
    INCREMENT BY 1
    NO MINVALUE
    NO MAXVALUE
    CACHE 1;


ALTER TABLE public.moon_no_galaxy_seq OWNER TO freecodecamp;

--
-- Name: moon_no_galaxy_seq; Type: SEQUENCE OWNED BY; Schema: public; Owner: freecodecamp
--

ALTER SEQUENCE public.moon_no_galaxy_seq OWNED BY public.moon.no_galaxy;


--
-- Name: planet; Type: TABLE; Schema: public; Owner: freecodecamp
--

CREATE TABLE public.planet (
    planet_id integer NOT NULL,
    has_life boolean NOT NULL,
    is_spherical boolean NOT NULL,
    distance_from_earth numeric(8,2),
    name character varying(50)
);


ALTER TABLE public.planet OWNER TO freecodecamp;

--
-- Name: planet_planet_id_seq; Type: SEQUENCE; Schema: public; Owner: freecodecamp
--

CREATE SEQUENCE public.planet_planet_id_seq
    AS integer
    START WITH 1
    INCREMENT BY 1
    NO MINVALUE
    NO MAXVALUE
    CACHE 1;


ALTER TABLE public.planet_planet_id_seq OWNER TO freecodecamp;

--
-- Name: planet_planet_id_seq; Type: SEQUENCE OWNED BY; Schema: public; Owner: freecodecamp
--

ALTER SEQUENCE public.planet_planet_id_seq OWNED BY public.planet.planet_id;


--
-- Name: star; Type: TABLE; Schema: public; Owner: freecodecamp
--

CREATE TABLE public.star (
    star_id integer NOT NULL,
    galaxy_id integer,
    name character varying(50),
    degrees integer NOT NULL,
    age_of_life integer
);


ALTER TABLE public.star OWNER TO freecodecamp;

--
-- Name: star_degrees_seq; Type: SEQUENCE; Schema: public; Owner: freecodecamp
--

CREATE SEQUENCE public.star_degrees_seq
    AS integer
    START WITH 1
    INCREMENT BY 1
    NO MINVALUE
    NO MAXVALUE
    CACHE 1;


ALTER TABLE public.star_degrees_seq OWNER TO freecodecamp;

--
-- Name: star_degrees_seq; Type: SEQUENCE OWNED BY; Schema: public; Owner: freecodecamp
--

ALTER SEQUENCE public.star_degrees_seq OWNED BY public.star.degrees;


--
-- Name: star_star_id_seq; Type: SEQUENCE; Schema: public; Owner: freecodecamp
--

CREATE SEQUENCE public.star_star_id_seq
    AS integer
    START WITH 1
    INCREMENT BY 1
    NO MINVALUE
    NO MAXVALUE
    CACHE 1;


ALTER TABLE public.star_star_id_seq OWNER TO freecodecamp;

--
-- Name: star_star_id_seq; Type: SEQUENCE OWNED BY; Schema: public; Owner: freecodecamp
--

ALTER SEQUENCE public.star_star_id_seq OWNED BY public.star.star_id;


--
-- Name: description galaxy_id; Type: DEFAULT; Schema: public; Owner: freecodecamp
--

ALTER TABLE ONLY public.description ALTER COLUMN galaxy_id SET DEFAULT nextval('public.description_galaxy_id_seq'::regclass);


--
-- Name: description star_id; Type: DEFAULT; Schema: public; Owner: freecodecamp
--

ALTER TABLE ONLY public.description ALTER COLUMN star_id SET DEFAULT nextval('public.description_star_id_seq'::regclass);


--
-- Name: description planet_id; Type: DEFAULT; Schema: public; Owner: freecodecamp
--

ALTER TABLE ONLY public.description ALTER COLUMN planet_id SET DEFAULT nextval('public.description_planet_id_seq'::regclass);


--
-- Name: description description_id; Type: DEFAULT; Schema: public; Owner: freecodecamp
--

ALTER TABLE ONLY public.description ALTER COLUMN description_id SET DEFAULT nextval('public.description_description_id_seq'::regclass);


--
-- Name: galaxy galaxy_id; Type: DEFAULT; Schema: public; Owner: freecodecamp
--

ALTER TABLE ONLY public.galaxy ALTER COLUMN galaxy_id SET DEFAULT nextval('public.galaxy_galaxy_id_seq'::regclass);


--
-- Name: galaxy no_planets; Type: DEFAULT; Schema: public; Owner: freecodecamp
--

ALTER TABLE ONLY public.galaxy ALTER COLUMN no_planets SET DEFAULT nextval('public.galaxy_no_planets_seq'::regclass);


--
-- Name: moon moon_id; Type: DEFAULT; Schema: public; Owner: freecodecamp
--

ALTER TABLE ONLY public.moon ALTER COLUMN moon_id SET DEFAULT nextval('public.moon_moon_id_seq'::regclass);


--
-- Name: moon no_galaxy; Type: DEFAULT; Schema: public; Owner: freecodecamp
--

ALTER TABLE ONLY public.moon ALTER COLUMN no_galaxy SET DEFAULT nextval('public.moon_no_galaxy_seq'::regclass);


--
-- Name: planet planet_id; Type: DEFAULT; Schema: public; Owner: freecodecamp
--

ALTER TABLE ONLY public.planet ALTER COLUMN planet_id SET DEFAULT nextval('public.planet_planet_id_seq'::regclass);


--
-- Name: star star_id; Type: DEFAULT; Schema: public; Owner: freecodecamp
--

ALTER TABLE ONLY public.star ALTER COLUMN star_id SET DEFAULT nextval('public.star_star_id_seq'::regclass);


--
-- Name: star degrees; Type: DEFAULT; Schema: public; Owner: freecodecamp
--

ALTER TABLE ONLY public.star ALTER COLUMN degrees SET DEFAULT nextval('public.star_degrees_seq'::regclass);


--
-- Data for Name: description; Type: TABLE DATA; Schema: public; Owner: freecodecamp
--

INSERT INTO public.description VALUES (1, 'Is the largest galaxy in the local group', 1, NULL, NULL, 1, NULL, NULL, 1, NULL);
INSERT INTO public.description VALUES (2, 'Is a barred spiral galaxy of which the Solar System is a part', 2, NULL, NULL, 2, NULL, NULL, 2, NULL);
INSERT INTO public.description VALUES (3, 'Is a spiral galaxy belonging to the local group and located in the Triangle', 3, NULL, NULL, 3, NULL, NULL, 3, NULL);
INSERT INTO public.description VALUES (4, 'lorem ipsum', 4, NULL, NULL, 4, NULL, NULL, 4, NULL);
INSERT INTO public.description VALUES (5, 'lorem ipsum', 5, NULL, NULL, 5, NULL, NULL, 5, NULL);


--
-- Data for Name: galaxy; Type: TABLE DATA; Schema: public; Owner: freecodecamp
--

INSERT INTO public.galaxy VALUES (1, 10000, NULL, NULL, 1);
INSERT INTO public.galaxy VALUES (2, 13600, NULL, NULL, 2);
INSERT INTO public.galaxy VALUES (3, 5700, NULL, NULL, 3);
INSERT INTO public.galaxy VALUES (4, 1800, NULL, NULL, 4);
INSERT INTO public.galaxy VALUES (5, 2500, NULL, NULL, 5);
INSERT INTO public.galaxy VALUES (6, 13800, NULL, NULL, 6);


--
-- Data for Name: moon; Type: TABLE DATA; Schema: public; Owner: freecodecamp
--

INSERT INTO public.moon VALUES (1, NULL, NULL, 1, NULL);
INSERT INTO public.moon VALUES (2, NULL, NULL, 2, NULL);
INSERT INTO public.moon VALUES (3, NULL, NULL, 3, NULL);
INSERT INTO public.moon VALUES (4, NULL, NULL, 4, NULL);
INSERT INTO public.moon VALUES (5, NULL, NULL, 5, NULL);
INSERT INTO public.moon VALUES (6, NULL, NULL, 6, NULL);
INSERT INTO public.moon VALUES (7, NULL, NULL, 7, NULL);
INSERT INTO public.moon VALUES (8, NULL, NULL, 8, NULL);
INSERT INTO public.moon VALUES (9, NULL, NULL, 9, NULL);
INSERT INTO public.moon VALUES (10, NULL, NULL, 10, NULL);
INSERT INTO public.moon VALUES (11, NULL, NULL, 11, NULL);
INSERT INTO public.moon VALUES (12, NULL, NULL, 12, NULL);
INSERT INTO public.moon VALUES (13, NULL, NULL, 13, NULL);
INSERT INTO public.moon VALUES (14, NULL, NULL, 14, NULL);
INSERT INTO public.moon VALUES (15, NULL, NULL, 15, NULL);
INSERT INTO public.moon VALUES (16, NULL, NULL, 16, NULL);
INSERT INTO public.moon VALUES (17, NULL, NULL, 17, NULL);
INSERT INTO public.moon VALUES (18, NULL, NULL, 18, NULL);
INSERT INTO public.moon VALUES (19, NULL, NULL, 19, NULL);
INSERT INTO public.moon VALUES (20, NULL, NULL, 20, NULL);
INSERT INTO public.moon VALUES (21, 'red', NULL, 21, NULL);
INSERT INTO public.moon VALUES (22, 'blue', NULL, 22, NULL);
INSERT INTO public.moon VALUES (23, 'yellow', NULL, 23, NULL);


--
-- Data for Name: planet; Type: TABLE DATA; Schema: public; Owner: freecodecamp
--

INSERT INTO public.planet VALUES (1, false, true, 77.50, NULL);
INSERT INTO public.planet VALUES (2, false, true, 60.30, NULL);
INSERT INTO public.planet VALUES (3, true, true, 0.00, NULL);
INSERT INTO public.planet VALUES (4, false, true, 20.34, NULL);
INSERT INTO public.planet VALUES (5, false, true, 50.85, NULL);
INSERT INTO public.planet VALUES (6, false, true, 89.42, NULL);
INSERT INTO public.planet VALUES (7, false, true, 102.73, NULL);
INSERT INTO public.planet VALUES (8, false, true, 137.29, NULL);
INSERT INTO public.planet VALUES (9, false, true, 150.32, NULL);
INSERT INTO public.planet VALUES (11, false, true, NULL, NULL);
INSERT INTO public.planet VALUES (12, false, false, NULL, NULL);
INSERT INTO public.planet VALUES (13, false, false, NULL, NULL);


--
-- Data for Name: star; Type: TABLE DATA; Schema: public; Owner: freecodecamp
--

INSERT INTO public.star VALUES (1, 2, NULL, 1, NULL);
INSERT INTO public.star VALUES (2, 4, NULL, 2, NULL);
INSERT INTO public.star VALUES (3, 1, NULL, 3, NULL);
INSERT INTO public.star VALUES (4, 1, NULL, 4, NULL);
INSERT INTO public.star VALUES (5, 2, NULL, 5, NULL);
INSERT INTO public.star VALUES (6, 3, NULL, 6, NULL);


--
-- Name: description_description_id_seq; Type: SEQUENCE SET; Schema: public; Owner: freecodecamp
--

SELECT pg_catalog.setval('public.description_description_id_seq', 5, true);


--
-- Name: description_galaxy_id_seq; Type: SEQUENCE SET; Schema: public; Owner: freecodecamp
--

SELECT pg_catalog.setval('public.description_galaxy_id_seq', 1, false);


--
-- Name: description_planet_id_seq; Type: SEQUENCE SET; Schema: public; Owner: freecodecamp
--

SELECT pg_catalog.setval('public.description_planet_id_seq', 5, true);


--
-- Name: description_star_id_seq; Type: SEQUENCE SET; Schema: public; Owner: freecodecamp
--

SELECT pg_catalog.setval('public.description_star_id_seq', 5, true);


--
-- Name: galaxy_galaxy_id_seq; Type: SEQUENCE SET; Schema: public; Owner: freecodecamp
--

SELECT pg_catalog.setval('public.galaxy_galaxy_id_seq', 6, true);


--
-- Name: galaxy_no_planets_seq; Type: SEQUENCE SET; Schema: public; Owner: freecodecamp
--

SELECT pg_catalog.setval('public.galaxy_no_planets_seq', 6, true);


--
-- Name: moon_moon_id_seq; Type: SEQUENCE SET; Schema: public; Owner: freecodecamp
--

SELECT pg_catalog.setval('public.moon_moon_id_seq', 23, true);


--
-- Name: moon_no_galaxy_seq; Type: SEQUENCE SET; Schema: public; Owner: freecodecamp
--

SELECT pg_catalog.setval('public.moon_no_galaxy_seq', 23, true);


--
-- Name: planet_planet_id_seq; Type: SEQUENCE SET; Schema: public; Owner: freecodecamp
--

SELECT pg_catalog.setval('public.planet_planet_id_seq', 13, true);


--
-- Name: star_degrees_seq; Type: SEQUENCE SET; Schema: public; Owner: freecodecamp
--

SELECT pg_catalog.setval('public.star_degrees_seq', 6, true);


--
-- Name: star_star_id_seq; Type: SEQUENCE SET; Schema: public; Owner: freecodecamp
--

SELECT pg_catalog.setval('public.star_star_id_seq', 6, true);


--
-- Name: description description_description_id_key; Type: CONSTRAINT; Schema: public; Owner: freecodecamp
--

ALTER TABLE ONLY public.description
    ADD CONSTRAINT description_description_id_key UNIQUE (description_id);


--
-- Name: description description_pkey; Type: CONSTRAINT; Schema: public; Owner: freecodecamp
--

ALTER TABLE ONLY public.description
    ADD CONSTRAINT description_pkey PRIMARY KEY (description_id);


--
-- Name: galaxy galaxy_no_planets_key; Type: CONSTRAINT; Schema: public; Owner: freecodecamp
--

ALTER TABLE ONLY public.galaxy
    ADD CONSTRAINT galaxy_no_planets_key UNIQUE (no_planets);


--
-- Name: galaxy galaxy_pkey; Type: CONSTRAINT; Schema: public; Owner: freecodecamp
--

ALTER TABLE ONLY public.galaxy
    ADD CONSTRAINT galaxy_pkey PRIMARY KEY (galaxy_id);


--
-- Name: moon moon_no_galaxy_key; Type: CONSTRAINT; Schema: public; Owner: freecodecamp
--

ALTER TABLE ONLY public.moon
    ADD CONSTRAINT moon_no_galaxy_key UNIQUE (no_galaxy);


--
-- Name: moon moon_pkey; Type: CONSTRAINT; Schema: public; Owner: freecodecamp
--

ALTER TABLE ONLY public.moon
    ADD CONSTRAINT moon_pkey PRIMARY KEY (moon_id);


--
-- Name: planet planet_pkey; Type: CONSTRAINT; Schema: public; Owner: freecodecamp
--

ALTER TABLE ONLY public.planet
    ADD CONSTRAINT planet_pkey PRIMARY KEY (planet_id);


--
-- Name: planet planet_planet_id_key; Type: CONSTRAINT; Schema: public; Owner: freecodecamp
--

ALTER TABLE ONLY public.planet
    ADD CONSTRAINT planet_planet_id_key UNIQUE (planet_id);


--
-- Name: star star_degrees_key; Type: CONSTRAINT; Schema: public; Owner: freecodecamp
--

ALTER TABLE ONLY public.star
    ADD CONSTRAINT star_degrees_key UNIQUE (degrees);


--
-- Name: star star_pkey; Type: CONSTRAINT; Schema: public; Owner: freecodecamp
--

ALTER TABLE ONLY public.star
    ADD CONSTRAINT star_pkey PRIMARY KEY (star_id);


--
-- Name: star star_galaxy_id_fkey; Type: FK CONSTRAINT; Schema: public; Owner: freecodecamp
--

ALTER TABLE ONLY public.star
    ADD CONSTRAINT star_galaxy_id_fkey FOREIGN KEY (galaxy_id) REFERENCES public.galaxy(galaxy_id);


--
-- PostgreSQL database dump complete
--

